arts_and_entertainmentarts_and_entertainment/books_and_literaturearts_and_entertainment/books_and_literature/absurdist_fictionarts_and_entertainment/books_and_literature/alternate_historyarts_and_entertainment/books_and_literature/anthologyarts_and_entertainment/books_and_literature/autobiographyarts_and_entertainment/books_and_literature/bildungsromanarts_and_entertainment/books_and_literature/biographyarts_and_entertainment/books_and_literature/businessarts_and_entertainment/books_and_literature/children's_literaturearts_and_entertainment/books_and_literature/comedyarts_and_entertainment/books_and_literature/cozy_mysteryarts_and_entertainment/books_and_literature/crime_fictionarts_and_entertainment/books_and_literature/detective_fictionarts_and_entertainment/books_and_literature/dramaarts_and_entertainment/books_and_literature/dystopiaarts_and_entertainment/books_and_literature/economicsarts_and_entertainment/books_and_literature/encyclopediaarts_and_entertainment/books_and_literature/epistolary_novelarts_and_entertainment/books_and_literature/essayarts_and_entertainment/books_and_literature/fantasyarts_and_entertainment/books_and_literature/fictionarts_and_entertainment/books_and_literature/gamebookarts_and_entertainment/books_and_literature/gothic_fictionarts_and_entertainment/books_and_literature/graphic_novelarts_and_entertainment/books_and_literature/hard_science_fictionarts_and_entertainment/books_and_literature/hardboiledarts_and_entertainment/books_and_literature/historical_fictionarts_and_entertainment/books_and_literature/historyarts_and_entertainment/books_and_literature/horrorarts_and_entertainment/books_and_literature/horror_fictionarts_and_entertainment/books_and_literature/humourarts_and_entertainment/books_and_literature/literary_fictionarts_and_entertainment/books_and_literature/magic_realismarts_and_entertainment/books_and_literature/mathematicsarts_and_entertainment/books_and_literature/memoirarts_and_entertainment/books_and_literature/military_science_fictionarts_and_entertainment/books_and_literature/musicarts_and_entertainment/books_and_literature/mysteryarts_and_entertainment/books_and_literature/naturearts_and_entertainment/books_and_literature/non-fictionarts_and_entertainment/books_and_literature/novelarts_and_entertainment/books_and_literature/novellaarts_and_entertainment/books_and_literature/parallel_novelarts_and_entertainment/books_and_literature/philosophical_fictionarts_and_entertainment/books_and_literature/philosophyarts_and_entertainment/books_and_literature/picture_bookarts_and_entertainment/books_and_literature/poetryarts_and_entertainment/books_and_literature/psychological_thrillerarts_and_entertainment/books_and_literature/psychologyarts_and_entertainment/books_and_literature/referencearts_and_entertainment/books_and_literature/satirearts_and_entertainment/books_and_literature/sciencearts_and_entertainment/books_and_literature/science_fantasyarts_and_entertainment/books_and_literature/science_fictionarts_and_entertainment/books_and_literature/scientific_romancearts_and_entertainment/books_and_literature/short_storyarts_and_entertainment/books_and_literature/short_story_collectionarts_and_entertainment/books_and_literature/sociologyarts_and_entertainment/books_and_literature/space_operaarts_and_entertainment/books_and_literature/speculative_fictionarts_and_entertainment/books_and_literature/suspensearts_and_entertainment/books_and_literature/sword_and_sorceryarts_and_entertainment/books_and_literature/thrillerarts_and_entertainment/books_and_literature/time_travelarts_and_entertainment/books_and_literature/travelarts_and_entertainment/books_and_literature/travel_literaturearts_and_entertainment/books_and_literature/true_crimearts_and_entertainment/books_and_literature/westernarts_and_entertainment/books_and_literature/whodunitarts_and_entertainment/books_and_literature/young-adult_fictionarts_and_entertainment/celebrity_fan_or_gossiparts_and_entertainment/celebrity_fan_or_gossip/a&r_executivearts_and_entertainment/celebrity_fan_or_gossip/activistarts_and_entertainment/celebrity_fan_or_gossip/actorarts_and_entertainment/celebrity_fan_or_gossip/advocatearts_and_entertainment/celebrity_fan_or_gossip/aerospace_engineerarts_and_entertainment/celebrity_fan_or_gossip/alpine_skierarts_and_entertainment/celebrity_fan_or_gossip/american_football_playerarts_and_entertainment/celebrity_fan_or_gossip/animatorarts_and_entertainment/celebrity_fan_or_gossip/announcerarts_and_entertainment/celebrity_fan_or_gossip/archaeologistarts_and_entertainment/celebrity_fan_or_gossip/artistarts_and_entertainment/celebrity_fan_or_gossip/athletearts_and_entertainment/celebrity_fan_or_gossip/authorarts_and_entertainment/celebrity_fan_or_gossip/bandleaderarts_and_entertainment/celebrity_fan_or_gossip/bartenderarts_and_entertainment/celebrity_fan_or_gossip/baseball_playerarts_and_entertainment/celebrity_fan_or_gossip/basketball_coacharts_and_entertainment/celebrity_fan_or_gossip/basketball_playerarts_and_entertainment/celebrity_fan_or_gossip/bassistarts_and_entertainment/celebrity_fan_or_gossip/bodybuilderarts_and_entertainment/celebrity_fan_or_gossip/bossarts_and_entertainment/celebrity_fan_or_gossip/brand_managementarts_and_entertainment/celebrity_fan_or_gossip/broadcasterarts_and_entertainment/celebrity_fan_or_gossip/business_magnatearts_and_entertainment/celebrity_fan_or_gossip/businesspersonarts_and_entertainment/celebrity_fan_or_gossip/butcherarts_and_entertainment/celebrity_fan_or_gossip/carpentryarts_and_entertainment/celebrity_fan_or_gossip/cheerleaderarts_and_entertainment/celebrity_fan_or_gossip/chefarts_and_entertainment/celebrity_fan_or_gossip/child_actorarts_and_entertainment/celebrity_fan_or_gossip/children's_book_authorarts_and_entertainment/celebrity_fan_or_gossip/choreographerarts_and_entertainment/celebrity_fan_or_gossip/cinematographerarts_and_entertainment/celebrity_fan_or_gossip/clownarts_and_entertainment/celebrity_fan_or_gossip/coacharts_and_entertainment/celebrity_fan_or_gossip/columnistarts_and_entertainment/celebrity_fan_or_gossip/comedianarts_and_entertainment/celebrity_fan_or_gossip/commentatorarts_and_entertainment/celebrity_fan_or_gossip/composerarts_and_entertainment/celebrity_fan_or_gossip/conductorarts_and_entertainment/celebrity_fan_or_gossip/conservationistarts_and_entertainment/celebrity_fan_or_gossip/consultantarts_and_entertainment/celebrity_fan_or_gossip/cookarts_and_entertainment/celebrity_fan_or_gossip/costume_designerarts_and_entertainment/celebrity_fan_or_gossip/cricketerarts_and_entertainment/celebrity_fan_or_gossip/criminalarts_and_entertainment/celebrity_fan_or_gossip/criticarts_and_entertainment/celebrity_fan_or_gossip/crown_princessarts_and_entertainment/celebrity_fan_or_gossip/dancerarts_and_entertainment/celebrity_fan_or_gossip/designerarts_and_entertainment/celebrity_fan_or_gossip/diplomatarts_and_entertainment/celebrity_fan_or_gossip/disc_jockeyarts_and_entertainment/celebrity_fan_or_gossip/diverarts_and_entertainment/celebrity_fan_or_gossip/drummerarts_and_entertainment/celebrity_fan_or_gossip/duchessarts_and_entertainment/celebrity_fan_or_gossip/economistarts_and_entertainment/celebrity_fan_or_gossip/editorarts_and_entertainment/celebrity_fan_or_gossip/educatorarts_and_entertainment/celebrity_fan_or_gossip/engineerarts_and_entertainment/celebrity_fan_or_gossip/entertainerarts_and_entertainment/celebrity_fan_or_gossip/entrepreneurarts_and_entertainment/celebrity_fan_or_gossip/environmentalistarts_and_entertainment/celebrity_fan_or_gossip/fashion_designerarts_and_entertainment/celebrity_fan_or_gossip/fashion_entrepreneurarts_and_entertainment/celebrity_fan_or_gossip/fashion_modelarts_and_entertainment/celebrity_fan_or_gossip/fighter_pilotarts_and_entertainment/celebrity_fan_or_gossip/film_art_directorarts_and_entertainment/celebrity_fan_or_gossip/film_directorarts_and_entertainment/celebrity_fan_or_gossip/film_editorarts_and_entertainment/celebrity_fan_or_gossip/film_producerarts_and_entertainment/celebrity_fan_or_gossip/film_score_composerarts_and_entertainment/celebrity_fan_or_gossip/filmmakerarts_and_entertainment/celebrity_fan_or_gossip/financierarts_and_entertainment/celebrity_fan_or_gossip/fitness_professionalarts_and_entertainment/celebrity_fan_or_gossip/gangsterarts_and_entertainment/celebrity_fan_or_gossip/golferarts_and_entertainment/celebrity_fan_or_gossip/gossip_columnistarts_and_entertainment/celebrity_fan_or_gossip/graphic_artistarts_and_entertainment/celebrity_fan_or_gossip/graphic_designerarts_and_entertainment/celebrity_fan_or_gossip/guitaristarts_and_entertainment/celebrity_fan_or_gossip/hair_stylistarts_and_entertainment/celebrity_fan_or_gossip/illusionistarts_and_entertainment/celebrity_fan_or_gossip/illustratorarts_and_entertainment/celebrity_fan_or_gossip/impersonatorarts_and_entertainment/celebrity_fan_or_gossip/interior_designerarts_and_entertainment/celebrity_fan_or_gossip/inventorarts_and_entertainment/celebrity_fan_or_gossip/investorarts_and_entertainment/celebrity_fan_or_gossip/journalistarts_and_entertainment/celebrity_fan_or_gossip/judgearts_and_entertainment/celebrity_fan_or_gossip/keyboard_playerarts_and_entertainment/celebrity_fan_or_gossip/laborerarts_and_entertainment/celebrity_fan_or_gossip/lady-in-waitingarts_and_entertainment/celebrity_fan_or_gossip/law_professorarts_and_entertainment/celebrity_fan_or_gossip/lawyerarts_and_entertainment/celebrity_fan_or_gossip/lifeguardarts_and_entertainment/celebrity_fan_or_gossip/linemanarts_and_entertainment/celebrity_fan_or_gossip/lyricistarts_and_entertainment/celebrity_fan_or_gossip/magazine_editorarts_and_entertainment/celebrity_fan_or_gossip/magicianarts_and_entertainment/celebrity_fan_or_gossip/martial_artistarts_and_entertainment/celebrity_fan_or_gossip/media_personalityarts_and_entertainment/celebrity_fan_or_gossip/media_proprietorarts_and_entertainment/celebrity_fan_or_gossip/military_officerarts_and_entertainment/celebrity_fan_or_gossip/ministerarts_and_entertainment/celebrity_fan_or_gossip/mixed_martial_artistarts_and_entertainment/celebrity_fan_or_gossip/modelarts_and_entertainment/celebrity_fan_or_gossip/motivational_speakerarts_and_entertainment/celebrity_fan_or_gossip/multi-instrumentalistarts_and_entertainment/celebrity_fan_or_gossip/music_arrangerarts_and_entertainment/celebrity_fan_or_gossip/music_artistarts_and_entertainment/celebrity_fan_or_gossip/music_directorarts_and_entertainment/celebrity_fan_or_gossip/music_executivearts_and_entertainment/celebrity_fan_or_gossip/music_managerarts_and_entertainment/celebrity_fan_or_gossip/music_producerarts_and_entertainment/celebrity_fan_or_gossip/music_teacherarts_and_entertainment/celebrity_fan_or_gossip/music_video_directorarts_and_entertainment/celebrity_fan_or_gossip/musicianarts_and_entertainment/celebrity_fan_or_gossip/narratorarts_and_entertainment/celebrity_fan_or_gossip/newscasterarts_and_entertainment/celebrity_fan_or_gossip/novelistarts_and_entertainment/celebrity_fan_or_gossip/nurse_midwifearts_and_entertainment/celebrity_fan_or_gossip/officialarts_and_entertainment/celebrity_fan_or_gossip/orchestratorarts_and_entertainment/celebrity_fan_or_gossip/organistarts_and_entertainment/celebrity_fan_or_gossip/painterarts_and_entertainment/celebrity_fan_or_gossip/peace_activistarts_and_entertainment/celebrity_fan_or_gossip/percussionistarts_and_entertainment/celebrity_fan_or_gossip/performerarts_and_entertainment/celebrity_fan_or_gossip/perfumerarts_and_entertainment/celebrity_fan_or_gossip/philanthropistarts_and_entertainment/celebrity_fan_or_gossip/philologistarts_and_entertainment/celebrity_fan_or_gossip/photographerarts_and_entertainment/celebrity_fan_or_gossip/photojournalistarts_and_entertainment/celebrity_fan_or_gossip/physicianarts_and_entertainment/celebrity_fan_or_gossip/pianistarts_and_entertainment/celebrity_fan_or_gossip/pilotarts_and_entertainment/celebrity_fan_or_gossip/player-coacharts_and_entertainment/celebrity_fan_or_gossip/playwrightarts_and_entertainment/celebrity_fan_or_gossip/podcasterarts_and_entertainment/celebrity_fan_or_gossip/poetarts_and_entertainment/celebrity_fan_or_gossip/police_officerarts_and_entertainment/celebrity_fan_or_gossip/politicianarts_and_entertainment/celebrity_fan_or_gossip/presenterarts_and_entertainment/celebrity_fan_or_gossip/priestarts_and_entertainment/celebrity_fan_or_gossip/printmakerarts_and_entertainment/celebrity_fan_or_gossip/producerarts_and_entertainment/celebrity_fan_or_gossip/production_designerarts_and_entertainment/celebrity_fan_or_gossip/professional_boxerarts_and_entertainment/celebrity_fan_or_gossip/professional_poker_playerarts_and_entertainment/celebrity_fan_or_gossip/professorarts_and_entertainment/celebrity_fan_or_gossip/promoterarts_and_entertainment/celebrity_fan_or_gossip/psychologistarts_and_entertainment/celebrity_fan_or_gossip/psychotherapistarts_and_entertainment/celebrity_fan_or_gossip/publicistarts_and_entertainment/celebrity_fan_or_gossip/publisherarts_and_entertainment/celebrity_fan_or_gossip/puppeteerarts_and_entertainment/celebrity_fan_or_gossip/race_car_driverarts_and_entertainment/celebrity_fan_or_gossip/racketeeringarts_and_entertainment/celebrity_fan_or_gossip/radio_personalityarts_and_entertainment/celebrity_fan_or_gossip/rapperarts_and_entertainment/celebrity_fan_or_gossip/real_estate_entrepreneurarts_and_entertainment/celebrity_fan_or_gossip/reconnaissancearts_and_entertainment/celebrity_fan_or_gossip/record_producerarts_and_entertainment/celebrity_fan_or_gossip/refereearts_and_entertainment/celebrity_fan_or_gossip/restaurateurarts_and_entertainment/celebrity_fan_or_gossip/sailorarts_and_entertainment/celebrity_fan_or_gossip/satiristarts_and_entertainment/celebrity_fan_or_gossip/scientistarts_and_entertainment/celebrity_fan_or_gossip/screenwriterarts_and_entertainment/celebrity_fan_or_gossip/script_doctorarts_and_entertainment/celebrity_fan_or_gossip/sculptorarts_and_entertainment/celebrity_fan_or_gossip/secretaryarts_and_entertainment/celebrity_fan_or_gossip/security_guardarts_and_entertainment/celebrity_fan_or_gossip/session_musicianarts_and_entertainment/celebrity_fan_or_gossip/shock_jockarts_and_entertainment/celebrity_fan_or_gossip/showgirlarts_and_entertainment/celebrity_fan_or_gossip/singerarts_and_entertainment/celebrity_fan_or_gossip/singer-songwriterarts_and_entertainment/celebrity_fan_or_gossip/soccer_playerarts_and_entertainment/celebrity_fan_or_gossip/social_activistarts_and_entertainment/celebrity_fan_or_gossip/social_criticarts_and_entertainment/celebrity_fan_or_gossip/social_workerarts_and_entertainment/celebrity_fan_or_gossip/socialitearts_and_entertainment/celebrity_fan_or_gossip/soldierarts_and_entertainment/celebrity_fan_or_gossip/songwriterarts_and_entertainment/celebrity_fan_or_gossip/sound_designerarts_and_entertainment/celebrity_fan_or_gossip/spokespersonarts_and_entertainment/celebrity_fan_or_gossip/sports_analystarts_and_entertainment/celebrity_fan_or_gossip/sports_commentatorarts_and_entertainment/celebrity_fan_or_gossip/stand-up_comedianarts_and_entertainment/celebrity_fan_or_gossip/statesmanarts_and_entertainment/celebrity_fan_or_gossip/stock_traderarts_and_entertainment/celebrity_fan_or_gossip/stockbrokerarts_and_entertainment/celebrity_fan_or_gossip/street_artistarts_and_entertainment/celebrity_fan_or_gossip/stunt_performerarts_and_entertainment/celebrity_fan_or_gossip/supermodelarts_and_entertainment/celebrity_fan_or_gossip/surferarts_and_entertainment/celebrity_fan_or_gossip/surgeonarts_and_entertainment/celebrity_fan_or_gossip/talent_agentarts_and_entertainment/celebrity_fan_or_gossip/talk_show_hostarts_and_entertainment/celebrity_fan_or_gossip/teacherarts_and_entertainment/celebrity_fan_or_gossip/television_directorarts_and_entertainment/celebrity_fan_or_gossip/television_editorarts_and_entertainment/celebrity_fan_or_gossip/television_presenterarts_and_entertainment/celebrity_fan_or_gossip/television_producerarts_and_entertainment/celebrity_fan_or_gossip/television_show_hostarts_and_entertainment/celebrity_fan_or_gossip/tennis_playerarts_and_entertainment/celebrity_fan_or_gossip/theatre_directorarts_and_entertainment/celebrity_fan_or_gossip/theatrical_producerarts_and_entertainment/celebrity_fan_or_gossip/tour_guidearts_and_entertainment/celebrity_fan_or_gossip/traderarts_and_entertainment/celebrity_fan_or_gossip/triathletearts_and_entertainment/celebrity_fan_or_gossip/trumpeterarts_and_entertainment/celebrity_fan_or_gossip/tv_journalistarts_and_entertainment/celebrity_fan_or_gossip/tv_personalityarts_and_entertainment/celebrity_fan_or_gossip/vaudeville_performerarts_and_entertainment/celebrity_fan_or_gossip/venture_capitalistarts_and_entertainment/celebrity_fan_or_gossip/veterinary_physicianarts_and_entertainment/celebrity_fan_or_gossip/violinistarts_and_entertainment/celebrity_fan_or_gossip/virtuosoarts_and_entertainment/celebrity_fan_or_gossip/visual_artistarts_and_entertainment/celebrity_fan_or_gossip/voice_actorarts_and_entertainment/celebrity_fan_or_gossip/waiting_staffarts_and_entertainment/celebrity_fan_or_gossip/winemakerarts_and_entertainment/celebrity_fan_or_gossip/wrestlerarts_and_entertainment/celebrity_fan_or_gossip/writerarts_and_entertainment/fine_artarts_and_entertainment/fine_art/aerial_landscape_artarts_and_entertainment/fine_art/animal_stylearts_and_entertainment/fine_art/animated_cartoonarts_and_entertainment/fine_art/azulejoarts_and_entertainment/fine_art/black-and-whitearts_and_entertainment/fine_art/caricaturearts_and_entertainment/fine_art/cartoonarts_and_entertainment/fine_art/cityscapearts_and_entertainment/fine_art/courtroom_sketcharts_and_entertainment/fine_art/dong_ho_paintingarts_and_entertainment/fine_art/figure_drawingarts_and_entertainment/fine_art/figure_paintingarts_and_entertainment/fine_art/fine_art_photographyarts_and_entertainment/fine_art/infrared_photographyarts_and_entertainment/fine_art/kinetic_artarts_and_entertainment/fine_art/kitscharts_and_entertainment/fine_art/line_artarts_and_entertainment/fine_art/micrographyarts_and_entertainment/fine_art/modern_allegorismarts_and_entertainment/fine_art/pastoralarts_and_entertainment/fine_art/portraitarts_and_entertainment/fine_art/portrait_paintingarts_and_entertainment/fine_art/problem_picturearts_and_entertainment/fine_art/protest_artarts_and_entertainment/fine_art/sacred_artarts_and_entertainment/fine_art/scenic_paintingarts_and_entertainment/fine_art/street_poster_artarts_and_entertainment/fine_art/wearable_artarts_and_entertainment/humorarts_and_entertainment/humor/improvisationarts_and_entertainment/humor/insult_comedyarts_and_entertainment/humor/low_comedyarts_and_entertainment/humor/observational_comedyarts_and_entertainment/humor/practical_jokearts_and_entertainment/humor/prop_comedyarts_and_entertainment/humor/sketch_comedyarts_and_entertainment/humor/stand-up_comedyarts_and_entertainment/humor/surreal_humourarts_and_entertainment/moviesarts_and_entertainment/movies/action_filmarts_and_entertainment/movies/action_thrillerarts_and_entertainment/movies/animationarts_and_entertainment/movies/animearts_and_entertainment/movies/black-and-whitearts_and_entertainment/movies/bollywoodarts_and_entertainment/movies/comedyarts_and_entertainment/movies/comedy-dramaarts_and_entertainment/movies/comedy_of_errorsarts_and_entertainment/movies/coming_of_agearts_and_entertainment/movies/crime_dramaarts_and_entertainment/movies/crime_thrillerarts_and_entertainment/movies/cult_filmarts_and_entertainment/movies/detective_fictionarts_and_entertainment/movies/disaster_filmarts_and_entertainment/movies/docudramaarts_and_entertainment/movies/documentary_filmarts_and_entertainment/movies/dramaarts_and_entertainment/movies/familyarts_and_entertainment/movies/family_dramaarts_and_entertainment/movies/fantasyarts_and_entertainment/movies/film_adaptationarts_and_entertainment/movies/film_noirarts_and_entertainment/movies/historical_dramaarts_and_entertainment/movies/historyarts_and_entertainment/movies/horrorarts_and_entertainment/movies/indie_filmarts_and_entertainment/movies/melodramaarts_and_entertainment/movies/monster_moviearts_and_entertainment/movies/musicarts_and_entertainment/movies/musicalarts_and_entertainment/movies/musical_comedyarts_and_entertainment/movies/mysteryarts_and_entertainment/movies/parodyarts_and_entertainment/movies/psychological_thrillerarts_and_entertainment/movies/road_moviearts_and_entertainment/movies/romance_filmarts_and_entertainment/movies/romantic_comedyarts_and_entertainment/movies/satirearts_and_entertainment/movies/science_fictionarts_and_entertainment/movies/screwball_comedyarts_and_entertainment/movies/short_filmarts_and_entertainment/movies/silent_filmarts_and_entertainment/movies/slapstickarts_and_entertainment/movies/slasherarts_and_entertainment/movies/sportsarts_and_entertainment/movies/spy_filmarts_and_entertainment/movies/superhero_moviearts_and_entertainment/movies/suspensearts_and_entertainment/movies/teen_filmarts_and_entertainment/movies/thrillerarts_and_entertainment/movies/war_filmarts_and_entertainment/movies/westernarts_and_entertainment/musicarts_and_entertainment/music/adult_contemporary_musicarts_and_entertainment/music/alternative_hip_hoparts_and_entertainment/music/art_rockarts_and_entertainment/music/bluesarts_and_entertainment/music/christian_rockarts_and_entertainment/music/contemporary_christian_musicarts_and_entertainment/music/countryarts_and_entertainment/music/dance_musicarts_and_entertainment/music/death_metalarts_and_entertainment/music/dream_poparts_and_entertainment/music/east_coast_hip_hoparts_and_entertainment/music/electronic_dance_musicarts_and_entertainment/music/electronic_musicarts_and_entertainment/music/emoarts_and_entertainment/music/experimental_musicarts_and_entertainment/music/funkarts_and_entertainment/music/garage_rockarts_and_entertainment/music/gospel_musicarts_and_entertainment/music/hardcore_hip_hoparts_and_entertainment/music/heavy_metalarts_and_entertainment/music/hip_hop_musicarts_and_entertainment/music/horrorcorearts_and_entertainment/music/house_musicarts_and_entertainment/music/indie_rockarts_and_entertainment/music/industrial_musicarts_and_entertainment/music/instrumental_rockarts_and_entertainment/music/j-poparts_and_entertainment/music/jazzarts_and_entertainment/music/melodic_death_metalarts_and_entertainment/music/melodic_hardcorearts_and_entertainment/music/pop_musicarts_and_entertainment/music/pop_rockarts_and_entertainment/music/post-rockarts_and_entertainment/music/power_metalarts_and_entertainment/music/power_poparts_and_entertainment/music/rapcorearts_and_entertainment/music/rhythm_and_bluesarts_and_entertainment/music/rock_and_rollarts_and_entertainment/music/rock_musicarts_and_entertainment/music/roots_rockarts_and_entertainment/music/soft_rockarts_and_entertainment/music/soul_musicarts_and_entertainment/music/trip_hoparts_and_entertainment/music/west_coast_hip_hoparts_and_entertainment/televisionarts_and_entertainment/television/actionarts_and_entertainment/television/action_filmarts_and_entertainment/television/adventurearts_and_entertainment/television/animated_cartoonarts_and_entertainment/television/animationarts_and_entertainment/television/animearts_and_entertainment/television/anthologyarts_and_entertainment/television/anthology_seriesarts_and_entertainment/television/businessarts_and_entertainment/television/cararts_and_entertainment/television/children's_television_seriesarts_and_entertainment/television/christmas_specialarts_and_entertainment/television/comedyarts_and_entertainment/television/cooking_showarts_and_entertainment/television/costume_dramaarts_and_entertainment/television/crimearts_and_entertainment/television/current_affairsarts_and_entertainment/television/docudramaarts_and_entertainment/television/documentary_filmarts_and_entertainment/television/dramaarts_and_entertainment/television/educationarts_and_entertainment/television/educational_televisionarts_and_entertainment/television/entertainmentarts_and_entertainment/television/espionagearts_and_entertainment/television/familyarts_and_entertainment/television/fantasyarts_and_entertainment/television/fantasy_televisionarts_and_entertainment/television/foodarts_and_entertainment/television/historyarts_and_entertainment/television/home_improvementarts_and_entertainment/television/horrorarts_and_entertainment/television/korean_dramaarts_and_entertainment/television/late_night_televisionarts_and_entertainment/television/legalarts_and_entertainment/television/legal_dramaarts_and_entertainment/television/live_televisionarts_and_entertainment/television/medical_dramaarts_and_entertainment/television/militaryarts_and_entertainment/television/miniseriesarts_and_entertainment/television/mockumentaryarts_and_entertainment/television/musicarts_and_entertainment/television/music_videoarts_and_entertainment/television/musicalarts_and_entertainment/television/mysteryarts_and_entertainment/television/newsarts_and_entertainment/television/news_broadcastingarts_and_entertainment/television/news_magazinearts_and_entertainment/television/news_programarts_and_entertainment/television/non-fictionarts_and_entertainment/television/panel_gamearts_and_entertainment/television/parodyarts_and_entertainment/television/police_proceduralarts_and_entertainment/television/politicsarts_and_entertainment/television/public_affairsarts_and_entertainment/television/reality_televisionarts_and_entertainment/television/romance_filmarts_and_entertainment/television/satirearts_and_entertainment/television/sciencearts_and_entertainment/television/science_fictionarts_and_entertainment/television/sitcomarts_and_entertainment/television/sketch_comedyarts_and_entertainment/television/soap_operaarts_and_entertainment/television/special_interestarts_and_entertainment/television/sportsarts_and_entertainment/television/stop_motionarts_and_entertainment/television/suspensearts_and_entertainment/television/talent_showarts_and_entertainment/television/teen_dramaarts_and_entertainment/television/television_specialarts_and_entertainment/television/thrillerarts_and_entertainment/television/travelarts_and_entertainment/television/westernautomotiveautomotive/auto_partsautomotive/auto_repairautomotive/buying_cars_or_selling_carsautomotive/buying_cars_or_selling_cars/europeautomotive/buying_cars_or_selling_cars/europe/abarthautomotive/buying_cars_or_selling_cars/europe/aston_martinautomotive/buying_cars_or_selling_cars/europe/austinautomotive/buying_cars_or_selling_cars/europe/bugattiautomotive/buying_cars_or_selling_cars/europe/ferrariautomotive/buying_cars_or_selling_cars/europe/fiatautomotive/buying_cars_or_selling_cars/europe/jaguarautomotive/buying_cars_or_selling_cars/europe/lamborghiniautomotive/buying_cars_or_selling_cars/europe/land_roverautomotive/buying_cars_or_selling_cars/europe/lotusautomotive/buying_cars_or_selling_cars/europe/maseratiautomotive/buying_cars_or_selling_cars/europe/miniautomotive/buying_cars_or_selling_cars/europe/rolls-royceautomotive/buying_cars_or_selling_cars/europe/triumphautomotive/buying_cars_or_selling_cars/europe/volvoautomotive/buying_cars_or_selling_cars/germanyautomotive/buying_cars_or_selling_cars/germany/audiautomotive/buying_cars_or_selling_cars/germany/mercedes-benzautomotive/buying_cars_or_selling_cars/germany/opelautomotive/buying_cars_or_selling_cars/germany/porscheautomotive/buying_cars_or_selling_cars/germany/smartautomotive/buying_cars_or_selling_cars/germany/volkswagenautomotive/buying_cars_or_selling_cars/japanautomotive/buying_cars_or_selling_cars/japan/acuraautomotive/buying_cars_or_selling_cars/japan/hondaautomotive/buying_cars_or_selling_cars/japan/infinitiautomotive/buying_cars_or_selling_cars/japan/lexusautomotive/buying_cars_or_selling_cars/japan/mazdaautomotive/buying_cars_or_selling_cars/japan/mitsubishiautomotive/buying_cars_or_selling_cars/japan/nissanautomotive/buying_cars_or_selling_cars/japan/subaruautomotive/buying_cars_or_selling_cars/japan/toyotaautomotive/buying_cars_or_selling_cars/south_koreaautomotive/buying_cars_or_selling_cars/south_korea/hyundaiautomotive/buying_cars_or_selling_cars/south_korea/kiaautomotive/buying_cars_or_selling_cars/united_statesautomotive/buying_cars_or_selling_cars/united_states/buickautomotive/buying_cars_or_selling_cars/united_states/cadillacautomotive/buying_cars_or_selling_cars/united_states/chevroletautomotive/buying_cars_or_selling_cars/united_states/chryslerautomotive/buying_cars_or_selling_cars/united_states/dodgeautomotive/buying_cars_or_selling_cars/united_states/fordautomotive/buying_cars_or_selling_cars/united_states/general_motorsautomotive/buying_cars_or_selling_cars/united_states/gmcautomotive/buying_cars_or_selling_cars/united_states/jeepautomotive/buying_cars_or_selling_cars/united_states/lincolnautomotive/buying_cars_or_selling_cars/united_states/mercuryautomotive/buying_cars_or_selling_cars/united_states/plymouthautomotive/buying_cars_or_selling_cars/united_states/pontiacautomotive/buying_cars_or_selling_cars/united_states/shelbyautomotive/car_cultureautomotive/certified_pre-ownedautomotive/convertibleautomotive/coupeautomotive/crossoverautomotive/dieselautomotive/electric_vehicleautomotive/hatchbackautomotive/hybridautomotive/luxuryautomotive/minivanautomotive/motorcyclesautomotive/performance_vehiclesautomotive/pickupautomotive/sedanautomotive/trucks_and_truck_accessoriesautomotive/vintage_carsautomotive/wagonbusinessbusiness/advertisingbusiness/advertising/advertising_agencybusiness/advertising/direct_mailbusiness/advertising/display_advertisingbusiness/advertising/media_buyingbusiness/advertising/outdoor_advertisingbusiness/advertising/print_advertisingbusiness/advertising/radio_advertisingbusiness/advertising/tv_advertisingbusiness/advertising/video_advertisingbusiness/agriculturebusiness/agriculture/agrochemicalsbusiness/agriculture/agrochemicals/fertilizerbusiness/agriculture/agrochemicals/pesticidesbusiness/agriculture/animalbusiness/agriculture/animal/rabbitbusiness/agriculture/apiculturebusiness/agriculture/aquaculturebusiness/agriculture/aquaculture/fishbusiness/agriculture/aquaculture/shellfishbusiness/agriculture/cattlebusiness/agriculture/cattle/beefbusiness/agriculture/cattle/feedlotsbusiness/agriculture/cattle/goatbusiness/agriculture/cattle/milkbusiness/agriculture/cattle/pigbusiness/agriculture/cattle/sheepbusiness/agriculture/cocoabusiness/agriculture/coffeebusiness/agriculture/cropbusiness/agriculture/crop/cottonbusiness/agriculture/crop/haybusiness/agriculture/crop/peanutbusiness/agriculture/crop/sugar_beetbusiness/agriculture/crop/sugar_canebusiness/agriculture/floriculturebusiness/agriculture/fruitbusiness/agriculture/fruit/applebusiness/agriculture/fruit/berrybusiness/agriculture/fruit/berry/strawberrybusiness/agriculture/fruit/grapebusiness/agriculture/grainbusiness/agriculture/grain/cornbusiness/agriculture/grain/ricebusiness/agriculture/grain/wheatbusiness/agriculture/oilseedbusiness/agriculture/oilseed/soybeanbusiness/agriculture/organicbusiness/agriculture/poultrybusiness/agriculture/poultry/chickenbusiness/agriculture/poultry/eggbusiness/agriculture/poultry/hatcheriesbusiness/agriculture/poultry/turkeybusiness/agriculture/rubberbusiness/agriculture/servicebusiness/agriculture/service/cultivatingbusiness/agriculture/teabusiness/agriculture/tree_nutbusiness/agriculture/vegetablebusiness/agriculture/vegetable/potatobusiness/biotech_or_biomedicalbusiness/biotech_or_biomedical/biological_therapybusiness/biotech_or_biomedical/biopharmaceuticalsbusiness/biotech_or_biomedical/chromosomebusiness/biotech_or_biomedical/cloningbusiness/biotech_or_biomedical/drug_discoverybusiness/biotech_or_biomedical/genetically_modified_foodbusiness/biotech_or_biomedical/organismbusiness/business_softwarebusiness/constructionbusiness/construction/heavy_constructionbusiness/construction/heavy_construction/highway_constructionbusiness/construction/land_developmentbusiness/construction/residential_buildingbusiness/construction/residential_building/apartmentbusiness/construction/residential_building/condominiumbusiness/construction/residential_building/cooperative_apartmentbusiness/construction/residential_building/high-rise_apartmentbusiness/construction/residential_building/low_income_housingbusiness/construction/residential_building/single-family_housingbusiness/forestrybusiness/forestry/loggingbusiness/governmentbusiness/green_solutionsbusiness/human_resourcesbusiness/human_resources/employee_benefitbusiness/human_resources/labor_relationsbusiness/human_resources/organization_developmentbusiness/human_resources/personnel_managementbusiness/logisticsbusiness/logistics/customsbusiness/logistics/freightbusiness/logistics/logistics_managementbusiness/logistics/manufacturingbusiness/logistics/materials_managementbusiness/logistics/operations_researchbusiness/logistics/production_planningbusiness/logistics/tariff_ratebusiness/marketingbusiness/marketing/affiliate_marketingbusiness/marketing/digital_marketingbusiness/marketing/direct_marketingbusiness/marketing/internet_marketingbusiness/marketing/internet_marketing/email_marketingbusiness/marketing/internet_marketing/search_engine_marketingbusiness/marketing/market_researchbusiness/marketing/mobile_marketingbusiness/marketing/pricingbusiness/marketing/public_relationsbusiness/marketing/sales_promotionbusiness/marketing/telemarketingbusiness/marketing/trade_showbusiness/metalsbusiness/metals/metal_manufacturingbusiness/metals/metal_manufacturing/aluminumbusiness/metals/metal_manufacturing/foundriesbusiness/metals/metal_manufacturing/iron_industrybusiness/metals/metal_manufacturing/nonferrousbusiness/metals/metal_manufacturing/steelbusiness/small_businesscareerscareers/career_advicecareers/collegecareers/college/acupuncturecareers/college/aeronauticscareers/college/architecturecareers/college/architecture/hotel_designcareers/college/architecture/urban_planningcareers/college/argumentation_theorycareers/college/argumentation_theory/logiccareers/college/behavioural_geneticscareers/college/behavioural_genetics/human_behaviour_geneticscareers/college/behavioural_sciencescareers/college/businesscareers/college/business/business_administrationcareers/college/business_analyticscareers/college/chemical_kineticscareers/college/communicationcareers/college/communication/writingcareers/college/computer_engineeringcareers/college/cultural_studiescareers/college/differential_equationcareers/college/educationcareers/college/education/liberal_educationcareers/college/education/pedagogycareers/college/eecscareers/college/electronicscareers/college/electronics/avionicscareers/college/engineeringcareers/college/engineering/automotive_engineeringcareers/college/engineering/biomedical_engineeringcareers/college/engineering/chemical_engineeringcareers/college/engineering/electrical_engineeringcareers/college/engineering/environmental_biotechnologycareers/college/engineering/industrial_biotechnologycareers/college/engineering/materials_sciencecareers/college/engineering/mechanical_engineeringcareers/college/engineering/nuclear_engineeringcareers/college/engineering/plastics_engineeringcareers/college/engineering_sciencecareers/college/engineering_science/electrical_engineeringcareers/college/engineering_science/electronic_engineeringcareers/college/engineering_science/environmental_engineering_sciencecareers/college/engineering_science/mechanical_engineeringcareers/college/engineering_science/thermodynamicscareers/college/ethnic_studiescareers/college/forestrycareers/college/forestry/ecoforestrycareers/college/general_internal_medicinecareers/college/general_internal_medicine/obstetric_medicinecareers/college/graphic_designcareers/college/historycareers/college/history/american_historycareers/college/history/history_of_ideascareers/college/history/history_of_science_and_technologycareers/college/history/intellectual_historycareers/college/history/media_historycareers/college/human_behaviorcareers/college/human_factors_and_ergonomicscareers/college/human_factors_and_ergonomics/cognitive_ergonomicscareers/college/human_geographycareers/college/humanitiescareers/college/information_retrievalcareers/college/information_retrieval/geographic_information_systemcareers/college/information_systemcareers/college/interior_designcareers/college/interior_design/hotel_designcareers/college/knowledge_base_publishingcareers/college/lawcareers/college/law/communications_lawcareers/college/literaturecareers/college/literature/english_literaturecareers/college/managementcareers/college/management/innovation_managementcareers/college/management/marketingcareers/college/management/program_managementcareers/college/management/project_managementcareers/college/management/salescareers/college/metabolomicscareers/college/middle_eastern_studiescareers/college/military_tacticscareers/college/military_tactics/stealth_technologycareers/college/musiccareers/college/musicologycareers/college/performance_studiescareers/college/philatelycareers/college/philosophycareers/college/philosophy/axiologycareers/college/philosophy/philosophy_of_languagecareers/college/philosophy/philosophy_of_sciencecareers/college/policy_studiescareers/college/policy_studies/nuclear_ethicscareers/college/povertycareers/college/poverty/extreme_povertycareers/college/religioncareers/college/religion/law_and_religioncareers/college/sciencecareers/college/science/computer_sciencecareers/college/science/formal_sciencecareers/college/science/library_sciencecareers/college/science/medicinecareers/college/science/natural_sciencecareers/college/science/political_sciencecareers/college/science/social_sciencecareers/college/seismologycareers/college/semioticscareers/college/site_planningcareers/college/site_planning/site_analysiscareers/college/solid-state_physicscareers/college/tourismcareers/college/tourism/hotel_designcareers/college/translationcareers/college/uniform_code_of_military_justicecareers/college/visualizationcareers/financial_aidcareers/job_fairscareers/job_searchcareers/militarycareers/nursingcareers/scholarshipscareers/telecommutingeducationeducation/adult_educationeducation/art_historyeducation/college_administrationeducation/college_administration/educational_testingeducation/college_administration/entrance_exameducation/distance_learningeducation/english_as_a_2nd_languageeducation/graduate_schooleducation/homeschoolingeducation/homework_or_study_tipseducation/private_schooleducation/special_educationeducation/studying_businessfamily_and_parentingfamily_and_parenting/babies_and_toddlersfamily_and_parenting/babies_and_toddlers/baby_foodfamily_and_parenting/babies_and_toddlers/baby_furniturefamily_and_parenting/babies_and_toddlers/babysitterfamily_and_parenting/babies_and_toddlers/cribfamily_and_parenting/daycare_or_pre-schoolfamily_and_parenting/daycare_or_pre-school/nursery_schoolfamily_and_parenting/eldercarefamily_and_parenting/parenting-k-6_kidsfamily_and_parenting/parenting_teensfood_and_drinkfood_and_drink/barbecues_and_grillingfood_and_drink/cocktails_or_beerfood_and_drink/cocktails_or_beer/alefood_and_drink/cocktails_or_beer/altfood_and_drink/cocktails_or_beer/american_amber_alefood_and_drink/cocktails_or_beer/american_pilsnerfood_and_drink/cocktails_or_beer/american_stoutfood_and_drink/cocktails_or_beer/belgianfood_and_drink/cocktails_or_beer/bitterfood_and_drink/cocktails_or_beer/bockfood_and_drink/cocktails_or_beer/brown_alefood_and_drink/cocktails_or_beer/california_common_beerfood_and_drink/cocktails_or_beer/ciderfood_and_drink/cocktails_or_beer/cream_alefood_and_drink/cocktails_or_beer/dark_american_lagerfood_and_drink/cocktails_or_beer/dry_stoutfood_and_drink/cocktails_or_beer/dunkelfood_and_drink/cocktails_or_beer/english_pale_alefood_and_drink/cocktails_or_beer/extra_special_or_strong_bitterfood_and_drink/cocktails_or_beer/gluten_freefood_and_drink/cocktails_or_beer/hefeweizenfood_and_drink/cocktails_or_beer/imperial_stoutfood_and_drink/cocktails_or_beer/india_pale_alefood_and_drink/cocktails_or_beer/lagerfood_and_drink/cocktails_or_beer/light_alefood_and_drink/cocktails_or_beer/lite_american_lagerfood_and_drink/cocktails_or_beer/malt_liquorfood_and_drink/cocktails_or_beer/mild_alefood_and_drink/cocktails_or_beer/oatmeal_stoutfood_and_drink/cocktails_or_beer/pale_alefood_and_drink/cocktails_or_beer/pale_lagerfood_and_drink/cocktails_or_beer/porterfood_and_drink/cocktails_or_beer/premium_american_lagerfood_and_drink/cocktails_or_beer/saisonfood_and_drink/cocktails_or_beer/schwarzbierfood_and_drink/cocktails_or_beer/seasonal_beerfood_and_drink/cocktails_or_beer/session_beerfood_and_drink/cocktails_or_beer/standard_american_lagerfood_and_drink/cocktails_or_beer/stoutfood_and_drink/cocktails_or_beer/wheat_beerfood_and_drink/coffee_or_teafood_and_drink/coffee_or_tea/coffeefood_and_drink/coffee_or_tea/teafood_and_drink/coffee_or_tea/tea/black_teafood_and_drink/coffee_or_tea/tea/green_teafood_and_drink/coffee_or_tea/tea/pu-erh_teafood_and_drink/coffee_or_tea/tea/white_teafood_and_drink/coffee_or_tea/tea/yellow_teafood_and_drink/cuisine-specificfood_and_drink/cuisine-specific/american_chinese_cuisinefood_and_drink/cuisine-specific/american_cuisinefood_and_drink/cuisine-specific/armenian_foodfood_and_drink/cuisine-specific/asian_foodfood_and_drink/cuisine-specific/bagelfood_and_drink/cuisine-specific/belgian_foodfood_and_drink/cuisine-specific/bouchon_foodfood_and_drink/cuisine-specific/breakfastfood_and_drink/cuisine-specific/british_cuisinefood_and_drink/cuisine-specific/cafeteriafood_and_drink/cuisine-specific/cambodian_foodfood_and_drink/cuisine-specific/canadian_cuisinefood_and_drink/cuisine-specific/chinese_cuisinefood_and_drink/cuisine-specific/christinis_incfood_and_drink/cuisine-specific/contemporaryfood_and_drink/cuisine-specific/delicatessenfood_and_drink/cuisine-specific/diner_foodfood_and_drink/cuisine-specific/doughnutfood_and_drink/cuisine-specific/eclectic_foodfood_and_drink/cuisine-specific/european_foodfood_and_drink/cuisine-specific/family_foodfood_and_drink/cuisine-specific/fast_foodfood_and_drink/cuisine-specific/filipino_foodfood_and_drink/cuisine-specific/french_cuisinefood_and_drink/cuisine-specific/german_foodfood_and_drink/cuisine-specific/greek_foodfood_and_drink/cuisine-specific/hamburgerfood_and_drink/cuisine-specific/hong_kong_cuisinefood_and_drink/cuisine-specific/hot_dogfood_and_drink/cuisine-specific/ice_creamfood_and_drink/cuisine-specific/indian_cuisinefood_and_drink/cuisine-specific/indonesian_foodfood_and_drink/cuisine-specific/internationalfood_and_drink/cuisine-specific/italian_cuisinefood_and_drink/cuisine-specific/japanese_cuisinefood_and_drink/cuisine-specific/jewish_cuisinefood_and_drink/cuisine-specific/lebanese_foodfood_and_drink/cuisine-specific/mediterranean_foodfood_and_drink/cuisine-specific/mexican_cuisinefood_and_drink/cuisine-specific/north_american_cuisinefood_and_drink/cuisine-specific/pizzafood_and_drink/cuisine-specific/pub_foodfood_and_drink/cuisine-specific/quebec_foodfood_and_drink/cuisine-specific/road_foodfood_and_drink/cuisine-specific/scottish_cuisinefood_and_drink/cuisine-specific/seafoodfood_and_drink/cuisine-specific/singaporean_cuisinefood_and_drink/cuisine-specific/southern_united_states_foodfood_and_drink/cuisine-specific/southwestern_united_states_foodfood_and_drink/cuisine-specific/spanish_cuisinefood_and_drink/cuisine-specific/steakfood_and_drink/cuisine-specific/taiwanese_foodfood_and_drink/cuisine-specific/tex-mex_foodfood_and_drink/cuisine-specific/thai_foodfood_and_drink/cuisine-specific/turkish_foodfood_and_drink/cuisine-specific/vegetarian_foodfood_and_drink/cuisine-specific/welsh_cuisinefood_and_drink/desserts_and_bakingfood_and_drink/dining_outfood_and_drink/food_allergiesfood_and_drink/veganfood_and_drink/vegetarianfood_and_drink/winehealth_and_fitnesshealth_and_fitness/exercisehealth_and_fitness/men's_healthhealth_and_fitness/nutritionhealth_and_fitness/women's_healthhobbies_and_interestshobbies_and_interests/art_or_technologyhobbies_and_interests/arts_and_craftshobbies_and_interests/birdwatchinghobbies_and_interests/board_games_or_puzzleshobbies_and_interests/board_games_or_puzzles/board_gameshobbies_and_interests/board_games_or_puzzles/puzzleshobbies_and_interests/candle_and_soap_makinghobbies_and_interests/card_gameshobbies_and_interests/chesshobbies_and_interests/cigarshobbies_and_interests/comic_bookshobbies_and_interests/drawing_or_sketchinghobbies_and_interests/freelance_writinghobbies_and_interests/genealogyhobbies_and_interests/guitarhobbies_and_interests/investors_and_patentshobbies_and_interests/needleworkhobbies_and_interests/paintinghobbies_and_interests/photographyhobbies_and_interests/radiohobbies_and_interests/screenwritinghobbies_and_interests/stamps_and_coinshobbies_and_interests/video_and_computer_gameshobbies_and_interests/video_and_computer_games/action-adventure_gamehobbies_and_interests/video_and_computer_games/action_gamehobbies_and_interests/video_and_computer_games/action_role-playing_gamehobbies_and_interests/video_and_computer_games/adventure_gamehobbies_and_interests/video_and_computer_games/advertising_in_video_gameshobbies_and_interests/video_and_computer_games/american_footballhobbies_and_interests/video_and_computer_games/baseballhobbies_and_interests/video_and_computer_games/basketballhobbies_and_interests/video_and_computer_games/beat_'em_uphobbies_and_interests/video_and_computer_games/board_gamehobbies_and_interests/video_and_computer_games/city-building_gamehobbies_and_interests/video_and_computer_games/combathobbies_and_interests/video_and_computer_games/console_role-playing_gamehobbies_and_interests/video_and_computer_games/crickethobbies_and_interests/video_and_computer_games/d?jinhobbies_and_interests/video_and_computer_games/drivinghobbies_and_interests/video_and_computer_games/educationhobbies_and_interests/video_and_computer_games/exergaminghobbies_and_interests/video_and_computer_games/extreme_sporthobbies_and_interests/video_and_computer_games/fantasyhobbies_and_interests/video_and_computer_games/fighting_gamehobbies_and_interests/video_and_computer_games/first-person_narrativehobbies_and_interests/video_and_computer_games/first-person_shooterhobbies_and_interests/video_and_computer_games/fishinghobbies_and_interests/video_and_computer_games/flight_simulatorhobbies_and_interests/video_and_computer_games/footballhobbies_and_interests/video_and_computer_games/futurehobbies_and_interests/video_and_computer_games/golfhobbies_and_interests/video_and_computer_games/grand_strategyhobbies_and_interests/video_and_computer_games/horrorhobbies_and_interests/video_and_computer_games/interactive_fictionhobbies_and_interests/video_and_computer_games/light_gunhobbies_and_interests/video_and_computer_games/massively_multiplayer_online_gamehobbies_and_interests/video_and_computer_games/mazehobbies_and_interests/video_and_computer_games/musichobbies_and_interests/video_and_computer_games/music_video_gamehobbies_and_interests/video_and_computer_games/mysteryhobbies_and_interests/video_and_computer_games/online_and_offlinehobbies_and_interests/video_and_computer_games/party_gamehobbies_and_interests/video_and_computer_games/pinballhobbies_and_interests/video_and_computer_games/platform_gamehobbies_and_interests/video_and_computer_games/pokerhobbies_and_interests/video_and_computer_games/professional_wrestlinghobbies_and_interests/video_and_computer_games/psychological_horrorhobbies_and_interests/video_and_computer_games/puzzlehobbies_and_interests/video_and_computer_games/puzzle_gamehobbies_and_interests/video_and_computer_games/racing_video_gamehobbies_and_interests/video_and_computer_games/rail_shooterhobbies_and_interests/video_and_computer_games/real-time_strategyhobbies_and_interests/video_and_computer_games/rhythm_gamehobbies_and_interests/video_and_computer_games/role-playing_video_gamehobbies_and_interests/video_and_computer_games/sandboxhobbies_and_interests/video_and_computer_games/science_fictionhobbies_and_interests/video_and_computer_games/scrolling_shooterhobbies_and_interests/video_and_computer_games/shoot_'em_uphobbies_and_interests/video_and_computer_games/shooter_gamehobbies_and_interests/video_and_computer_games/sim_racinghobbies_and_interests/video_and_computer_games/simulation_gamehobbies_and_interests/video_and_computer_games/skateboardinghobbies_and_interests/video_and_computer_games/space_westernhobbies_and_interests/video_and_computer_games/sport_managementhobbies_and_interests/video_and_computer_games/sports_gamehobbies_and_interests/video_and_computer_games/stealth_gamehobbies_and_interests/video_and_computer_games/strategic_managementhobbies_and_interests/video_and_computer_games/strategy_gamehobbies_and_interests/video_and_computer_games/strategy_video_gamehobbies_and_interests/video_and_computer_games/survival_horrorhobbies_and_interests/video_and_computer_games/tactical_role-playing_gamehobbies_and_interests/video_and_computer_games/tennishobbies_and_interests/video_and_computer_games/third-person_shooterhobbies_and_interests/video_and_computer_games/top-down_shooterhobbies_and_interests/video_and_computer_games/tower_defensehobbies_and_interests/video_and_computer_games/turn-based_tacticshobbies_and_interests/video_and_computer_games/vehicular_combat_gamehobbies_and_interests/video_and_computer_games/visual_novelhobbies_and_interests/video_and_computer_games/warhobbies_and_interests/video_and_computer_games/wargamehobbies_and_interests/video_and_computer_games/westernhobbies_and_interests/woodworkinghome_and_gardenhome_and_garden/applianceshome_and_garden/entertaininghome_and_garden/gardeninghome_and_garden/home_repairhome_and_garden/home_theaterhome_and_garden/interior_decoratinghome_and_garden/landscapinghome_and_garden/remodeling_and_constructionlaw_and_government_and_politicslaw_and_government_and_politics/commentarylaw_and_government_and_politics/immigrationlaw_and_government_and_politics/legal_issueslaw_and_government_and_politics/politicsnewsnews/international_newsnews/local_newsnews/national_newsnews/risk_newsnews/risk_news/accidentsnews/risk_news/accidents/airplane_accidentsnews/risk_news/accidents/nuclear_accidentsnews/risk_news/natural_disasternews/risk_news/natural_disaster/blizzardsnews/risk_news/natural_disaster/droughtnews/risk_news/natural_disaster/earthquakesnews/risk_news/natural_disaster/faminenews/risk_news/natural_disaster/floodsnews/risk_news/natural_disaster/forest_firesnews/risk_news/natural_disaster/hurricanesnews/risk_news/natural_disaster/stormsnews/risk_news/natural_disaster/tornadoesnews/risk_news/natural_disaster/tsunamisnews/risk_news/terroristnews/risk_news/war_crimespersonal_financepersonal_finance/beginning_investingpersonal_finance/credit_or_debt_and_loanspersonal_finance/credit_or_debt_and_loans/bank_feespersonal_finance/credit_or_debt_and_loans/mortgagepersonal_finance/credit_or_debt_and_loans/refinancingpersonal_finance/financial_newspersonal_finance/financial_planningpersonal_finance/financial_planning/financial_advisorpersonal_finance/financial_planning/retirement_planningpersonal_finance/financial_planning/retirement_planning/401kpersonal_finance/financial_planning/retirement_planning/rrsppersonal_finance/financial_planning/spendingpersonal_finance/financial_planning/spending/car_leasepersonal_finance/hedge_fundpersonal_finance/insurancepersonal_finance/investingpersonal_finance/investing/after_hours_tradingpersonal_finance/investing/financial_vehiclespersonal_finance/investing/financial_vehicles/alternative_investmentpersonal_finance/investing/financial_vehicles/alternative_investment/venture_capitalpersonal_finance/investing/financial_vehicles/annuitiespersonal_finance/investing/financial_vehicles/collateralized_debt_obligationpersonal_finance/investing/financial_vehicles/exchange_traded_fundspersonal_finance/investing/financial_vehicles/individual_savings_accountspersonal_finance/investing/financial_vehicles/pension_fundspersonal_finance/investing/financial_vehicles/sovereign_wealth_fundpersonal_finance/investing/investment_bankingpersonal_finance/investing/managed_accountspersonal_finance/investing/online_brokerspersonal_finance/investing/portfolio_management_or_fund_management_or_asset_managementpersonal_finance/investing/private_banking_or_wealth_managementpersonal_finance/investing/risk_managementpersonal_finance/mutual_fundspersonal_finance/optionspersonal_finance/retirement_planningpersonal_finance/stockspersonal_finance/stocks/basic_materialspersonal_finance/stocks/basic_materials/agricultural_chemicalspersonal_finance/stocks/basic_materials/aluminumpersonal_finance/stocks/basic_materials/chemicals_-_major_diversifiedpersonal_finance/stocks/basic_materials/copperpersonal_finance/stocks/basic_materials/goldpersonal_finance/stocks/basic_materials/independent_oil_and_gaspersonal_finance/stocks/basic_materials/industrial_metals_and_mineralspersonal_finance/stocks/basic_materials/major_integrated_oil_and_gaspersonal_finance/stocks/basic_materials/nonmetallic_mineral_miningpersonal_finance/stocks/basic_materials/oil_and_gas_drilling_and_explorationpersonal_finance/stocks/basic_materials/oil_and_gas_equipment_and_servicespersonal_finance/stocks/basic_materials/oil_and_gas_pipelinespersonal_finance/stocks/basic_materials/oil_and_gas_refining_and_marketingpersonal_finance/stocks/basic_materials/silverpersonal_finance/stocks/basic_materials/specialty_chemicalspersonal_finance/stocks/basic_materials/steel_and_ironpersonal_finance/stocks/conglomeratespersonal_finance/stocks/conglomerates/conglomeratespersonal_finance/stocks/consumer_goodspersonal_finance/stocks/consumer_goods/auto_manufacturers_-_majorpersonal_finance/stocks/consumer_goods/auto_partspersonal_finance/stocks/consumer_goods/beverages_-_brewerspersonal_finance/stocks/consumer_goods/beverages_-_soft_drinkspersonal_finance/stocks/consumer_goods/beverages_-_wineries_and_distillerspersonal_finance/stocks/consumer_goods/business_equipmentpersonal_finance/stocks/consumer_goods/cigarettespersonal_finance/stocks/consumer_goods/cleaning_productspersonal_finance/stocks/consumer_goods/dairy_productspersonal_finance/stocks/consumer_goods/electronic_equipmentpersonal_finance/stocks/consumer_goods/farm_productspersonal_finance/stocks/consumer_goods/food_-_major_diversifiedpersonal_finance/stocks/consumer_goods/home_furnishings_and_fixturespersonal_finance/stocks/consumer_goods/housewares_and_accessoriespersonal_finance/stocks/consumer_goods/office_suppliespersonal_finance/stocks/consumer_goods/packaging_and_containerspersonal_finance/stocks/consumer_goods/paper_and_paper_productspersonal_finance/stocks/consumer_goods/personal_productspersonal_finance/stocks/consumer_goods/processed_and_packaged_goodspersonal_finance/stocks/consumer_goods/recreational_vehiclespersonal_finance/stocks/consumer_goods/rubber_and_plasticspersonal_finance/stocks/consumer_goods/sporting_goodspersonal_finance/stocks/consumer_goods/textile_-_apparel_clothingpersonal_finance/stocks/consumer_goods/textile_-_apparel_footwear_and_accessoriespersonal_finance/stocks/consumer_goods/toys_and_gamespersonal_finance/stocks/consumer_goods/trucks_and_other_vehiclespersonal_finance/stocks/financialpersonal_finance/stocks/financial/accident_and_health_insurancepersonal_finance/stocks/financial/asset_managementpersonal_finance/stocks/financial/closed-end_fund_-_equitypersonal_finance/stocks/financial/credit_servicespersonal_finance/stocks/financial/diversified_investmentspersonal_finance/stocks/financial/foreign_money_center_bankspersonal_finance/stocks/financial/foreign_regional_bankspersonal_finance/stocks/financial/investment_brokerage_-_nationalpersonal_finance/stocks/financial/investment_brokerage_-_regionalpersonal_finance/stocks/financial/life_insurancepersonal_finance/stocks/financial/money_center_bankspersonal_finance/stocks/financial/mortgage_investmentpersonal_finance/stocks/financial/property_and_casualty_insurancepersonal_finance/stocks/financial/property_managementpersonal_finance/stocks/financial/real_estate_developmentpersonal_finance/stocks/financial/regional_-_midwest_bankspersonal_finance/stocks/financial/regional_-_northeast_bankspersonal_finance/stocks/financial/regional_-_pacific_bankspersonal_finance/stocks/financial/regional_-_southeast_bankspersonal_finance/stocks/financial/reit_-_diversifiedpersonal_finance/stocks/financial/reit_-_healthcare_facilitiespersonal_finance/stocks/financial/reit_-_hotel_or_motelpersonal_finance/stocks/financial/reit_-_industrialpersonal_finance/stocks/financial/reit_-_officepersonal_finance/stocks/financial/reit_-_residentialpersonal_finance/stocks/financial/reit_-_retailpersonal_finance/stocks/financial/savings_and_loanspersonal_finance/stocks/healthcarepersonal_finance/stocks/healthcare/biotechnologypersonal_finance/stocks/healthcare/drug_deliverypersonal_finance/stocks/healthcare/drug_manufacturers_-_majorpersonal_finance/stocks/healthcare/drug_manufacturers_-_otherpersonal_finance/stocks/healthcare/drug_related_productspersonal_finance/stocks/healthcare/drugs_-_genericpersonal_finance/stocks/healthcare/health_care_planspersonal_finance/stocks/healthcare/home_health_carepersonal_finance/stocks/healthcare/hospitalspersonal_finance/stocks/healthcare/long-term_care_facilitiespersonal_finance/stocks/healthcare/medical_appliances_and_equipmentpersonal_finance/stocks/healthcare/medical_instruments_and_suppliespersonal_finance/stocks/healthcare/medical_laboratories_and_researchpersonal_finance/stocks/industrial_goodspersonal_finance/stocks/industrial_goods/aerospace_or_defense_-_major_diversifiedpersonal_finance/stocks/industrial_goods/aerospace_or_defense_products_and_servicespersonal_finance/stocks/industrial_goods/diversified_machinerypersonal_finance/stocks/industrial_goods/farm_and_construction_machinerypersonal_finance/stocks/industrial_goods/general_building_materialspersonal_finance/stocks/industrial_goods/general_contractorspersonal_finance/stocks/industrial_goods/heavy_constructionpersonal_finance/stocks/industrial_goods/industrial_electrical_equipmentpersonal_finance/stocks/industrial_goods/metal_fabricationpersonal_finance/stocks/industrial_goods/residential_constructionpersonal_finance/stocks/industrial_goods/small_tools_and_accessoriespersonal_finance/stocks/industrial_goods/waste_managementpersonal_finance/stocks/otherpersonal_finance/stocks/other/otherpersonal_finance/stocks/servicespersonal_finance/stocks/services/advertising_agenciespersonal_finance/stocks/services/air_delivery_and_freight_servicespersonal_finance/stocks/services/apparel_storespersonal_finance/stocks/services/auto_dealershipspersonal_finance/stocks/services/auto_parts_wholesalepersonal_finance/stocks/services/basic_materials_wholesalepersonal_finance/stocks/services/broadcasting_-_radiopersonal_finance/stocks/services/broadcasting_-_tvpersonal_finance/stocks/services/business_servicespersonal_finance/stocks/services/catalog_and_mail_order_housespersonal_finance/stocks/services/catv_systemspersonal_finance/stocks/services/computers_wholesalepersonal_finance/stocks/services/consumer_servicespersonal_finance/stocks/services/department_storespersonal_finance/stocks/services/drug_storespersonal_finance/stocks/services/education_and_training_servicespersonal_finance/stocks/services/electronics_storespersonal_finance/stocks/services/electronics_wholesalepersonal_finance/stocks/services/entertainment_-_diversifiedpersonal_finance/stocks/services/gaming_activitiespersonal_finance/stocks/services/general_entertainmentpersonal_finance/stocks/services/grocery_storespersonal_finance/stocks/services/home_furnishing_storespersonal_finance/stocks/services/industrial_equipment_wholesalepersonal_finance/stocks/services/lodgingpersonal_finance/stocks/services/major_airlinespersonal_finance/stocks/services/management_servicespersonal_finance/stocks/services/marketing_servicespersonal_finance/stocks/services/personal_servicespersonal_finance/stocks/services/publishing_-_newspaperspersonal_finance/stocks/services/publishing_-_periodicalspersonal_finance/stocks/services/railroadspersonal_finance/stocks/services/regional_airlinespersonal_finance/stocks/services/rental_and_leasing_servicespersonal_finance/stocks/services/research_servicespersonal_finance/stocks/services/resorts_and_casinospersonal_finance/stocks/services/restaurantspersonal_finance/stocks/services/security_and_protection_servicespersonal_finance/stocks/services/shippingpersonal_finance/stocks/services/sporting_activitiespersonal_finance/stocks/services/staffing_and_outsourcing_servicespersonal_finance/stocks/services/technical_servicespersonal_finance/stocks/services/truckingpersonal_finance/stocks/technologypersonal_finance/stocks/technology/application_softwarepersonal_finance/stocks/technology/business_software_and_servicespersonal_finance/stocks/technology/communication_equipmentpersonal_finance/stocks/technology/computer_peripheralspersonal_finance/stocks/technology/data_storage_devicespersonal_finance/stocks/technology/diversified_communication_servicespersonal_finance/stocks/technology/diversified_computer_systemspersonal_finance/stocks/technology/diversified_electronicspersonal_finance/stocks/technology/healthcare_information_servicespersonal_finance/stocks/technology/information_and_delivery_servicespersonal_finance/stocks/technology/information_technology_servicespersonal_finance/stocks/technology/internet_information_providerspersonal_finance/stocks/technology/multimedia_and_graphics_softwarepersonal_finance/stocks/technology/printed_circuit_boardspersonal_finance/stocks/technology/scientific_and_technical_instrumentspersonal_finance/stocks/technology/security_software_and_servicespersonal_finance/stocks/technology/semiconductor-_memory_chipspersonal_finance/stocks/technology/semiconductor_-_broad_linepersonal_finance/stocks/technology/semiconductor_-_integrated_circuitspersonal_finance/stocks/technology/semiconductor_-_specializedpersonal_finance/stocks/technology/technical_and_system_softwarepersonal_finance/stocks/technology/telecom_services_-_domesticpersonal_finance/stocks/technology/wireless_communicationspersonal_finance/stocks/utilitiespersonal_finance/stocks/utilities/diversified_utilitiespersonal_finance/stocks/utilities/electric_utilitiespersonal_finance/stocks/utilities/gas_utilitiespersonal_finance/stocks/utilities/water_utilitiespersonal_finance/tax_planningpetspets/aquariumspets/birdspets/catspets/dogspets/reptilesreal_estatereal_estate/apartmentsreal_estate/architectsreal_estate/buying_homes_or_selling_homesreal_estate/buying_homes_or_selling_homes/home_improvementreal_estate/buying_homes_or_selling_homes/luxury_homesreal_estate/buying_homes_or_selling_homes/mortgagereal_estate/buying_homes_or_selling_homes/refinancingreal_estate/buying_homes_or_selling_homes/rental_propertysciencescience/biologyscience/botanyscience/chemistryscience/geographyscience/geologyscience/paranormal_phenomenascience/physicsscience/space_and_astronomyscience/weathershoppingshopping/contests_and_freebiessocial_mediasocietysociety/datingsociety/marriagesociety/senior_livingsociety/social_and_communitysociety/social_and_community/affordable_housingsociety/social_and_community/animal_rightssociety/social_and_community/charitiessociety/social_and_community/cultural_heritagesociety/social_and_community/demographicssociety/social_and_community/discriminationsociety/social_and_community/discrimination/age_discriminationsociety/social_and_community/discrimination/disability_discriminationsociety/social_and_community/discrimination/racismsociety/social_and_community/discrimination/sex_discriminationsociety/social_and_community/discrimination/workplace_discriminationsociety/social_and_community/ethical_issuessociety/social_and_community/globalizationsociety/social_and_community/gun_controlsociety/social_and_community/homelessnesssociety/social_and_community/human_rights_or_civil_libertiessociety/social_and_community/human_rights_or_civil_liberties/censorshipsociety/social_and_community/human_rights_or_civil_liberties/child_laborsociety/social_and_community/human_rights_or_civil_liberties/forced_laborsociety/social_and_community/human_rights_or_civil_liberties/racismsociety/social_and_community/human_rights_or_civil_liberties/torturesociety/social_and_community/literacysociety/social_and_community/povertysociety/social_and_community/rent_controlsociety/teenssociety/weddingssportssports/auto_racingsports/baseballsports/baseball/cleveland_indianssports/baseball/houston_astrossports/baseball/seattle_marinerssports/baseball/toronto_blue_jayssports/bicyclingsports/bodybuildingsports/boxingsports/canoeing_or_kayakingsports/climbingsports/cricketsports/figure_skatingsports/fly_fishingsports/footballsports/football/chicago_bearssports/game_and_fishsports/golfsports/horse_racingsports/horsessports/hunting_or_shootingsports/martial_artssports/mountain_bikingsports/olympicssports/olympics/alpine_skiingsports/olympics/artistic_gymnasticssports/olympics/badmintonsports/olympics/baseballsports/olympics/basketballsports/olympics/beach_volleyballsports/olympics/biathlonsports/olympics/bobsleighsports/olympics/boxingsports/olympics/canoe_slalomsports/olympics/canoe_sprintsports/olympics/cross-country_skiingsports/olympics/curlingsports/olympics/divingsports/olympics/figure_skatingsports/olympics/footballsports/olympics/freestyle_skiingsports/olympics/freestyle_wrestlingsports/olympics/golfsports/olympics/greco-roman_wrestlingsports/olympics/ice_hockeysports/olympics/jeu_de_paumesports/olympics/judosports/olympics/lugesports/olympics/modern_pentathlonsports/olympics/mountain_bikingsports/olympics/nordic_combinedsports/olympics/olympic_weightliftingsports/olympics/rhythmic_gymnasticssports/olympics/road_cyclingsports/olympics/sailingsports/olympics/shooting_sportsports/olympics/short_track_speed_skatingsports/olympics/show_jumpingsports/olympics/skeletonsports/olympics/ski_jumpingsports/olympics/snowboardingsports/olympics/softballsports/olympics/speed_skatingsports/olympics/swimmingsports/olympics/synchronized_swimmingsports/olympics/table_tennissports/olympics/tennissports/olympics/track_and_field_athleticssports/olympics/track_cyclingsports/olympics/volleyballsports/olympics/water_polosports/paintballsports/power_and_motorcyclessports/professional_basketballsports/professional_basketball/charlotte_hornetssports/professional_basketball/chicago_bullssports/professional_basketball/denver_nuggetssports/professional_basketball/houston_rocketssports/professional_basketball/indiana_pacerssports/professional_basketball/miami_heatsports/professional_basketball/orlando_magicsports/professional_basketball/phoenix_sunssports/professional_basketball/toronto_raptorssports/professional_ice_hockeysports/professional_ice_hockey/anaheim_duckssports/professional_ice_hockey/buffalo_sabressports/professional_ice_hockey/carolina_hurricanessports/professional_ice_hockey/chicago_blackhawkssports/professional_ice_hockey/colorado_avalanchesports/professional_ice_hockey/edmonton_oilerssports/professional_ice_hockey/florida_pantherssports/professional_ice_hockey/montreal_canadienssports/professional_ice_hockey/nashville_predatorssports/professional_ice_hockey/ottawa_senatorssports/professional_ice_hockey/toronto_maple_leafssports/professional_ice_hockey/vancouver_canuckssports/rodeosports/rugbysports/running_or_joggingsports/sailingsports/scuba_divingsports/skateboardingsports/skiingsports/snowboardingsports/surfing_or_bodyboardingsports/swimmingsports/table_tennis_or_ping-pongsports/tennissports/tennis/atp_world_tour_finalssports/tennis/atp_world_tour_finals/men's_doublessports/tennis/atp_world_tour_finals/men's_singlessports/tennis/australian_opensports/tennis/australian_open/men's_doublessports/tennis/australian_open/men's_singlessports/tennis/australian_open/mixed_doublessports/tennis/australian_open/women's_doublessports/tennis/australian_open/women's_singlessports/tennis/french_opensports/tennis/french_open/men's_doublessports/tennis/french_open/men's_singlessports/tennis/french_open/mixed_doublessports/tennis/french_open/women's_doublessports/tennis/french_open/women's_singlessports/tennis/the_us_opensports/tennis/the_us_open/men's_doublessports/tennis/the_us_open/men's_singlessports/tennis/the_us_open/mixed_doublessports/tennis/the_us_open/women's_doublessports/tennis/the_us_open/women's_singlessports/tennis/wimbledonsports/tennis/wimbledon/men's_doublessports/tennis/wimbledon/men's_singlessports/tennis/wimbledon/mixed_doublessports/tennis/wimbledon/women's_doublessports/tennis/wimbledon/women's_singlessports/tennis/wta_tour_championshipssports/tennis/wta_tour_championships/women's_doublessports/tennis/wta_tour_championships/women's_singlessports/volleyballsports/walkingsports/waterski_or_wakeboardsports/world_soccersports/world_soccer/englandsports/world_soccer/francesports/world_soccer/germanysports/world_soccer/italysports/world_soccer/spainsports/world_soccer/usastyle_and_fashionstyle_and_fashion/beautystyle_and_fashion/clothingstyle_and_fashion/fashionstyle_and_fashion/jewelrytechnology_and_computingtechnology_and_computing/animationtechnology_and_computing/antivirus_softwaretechnology_and_computing/cameras_and_camcorderstechnology_and_computing/cameras_and_camcorders/goprotechnology_and_computing/cameras_and_camcorders/hptechnology_and_computing/cameras_and_camcorders/panasonictechnology_and_computing/cell_phonestechnology_and_computing/cell_phones/androidtechnology_and_computing/cell_phones/windows_phonetechnology_and_computing/computer_networkingtechnology_and_computing/data_centerstechnology_and_computing/databasestechnology_and_computing/emailtechnology_and_computing/entertainmenttechnology_and_computing/home_video_or_dvdtechnology_and_computing/internet_technologytechnology_and_computing/internet_technology/protocoltechnology_and_computing/internet_technology/web_browsertechnology_and_computing/javatechnology_and_computing/javascripttechnology_and_computing/linuxtechnology_and_computing/network_securitytechnology_and_computing/shareware_or_freewaretechnology_and_computing/web_design_or_htmltechnology_and_computing/web_searchtechnology_and_computing/windowstraveltravel/adventure_traveltravel/africatravel/air_traveltravel/air_travel/air_canadatravel/air_travel/indigotravel/antarctictravel/asiatravel/australia_and_new_zealandtravel/bed_and_breakfaststravel/budget_traveltravel/business_traveltravel/by_us_localetravel/campingtravel/canadatravel/caribbeantravel/cruisestravel/europetravel/francetravel/honeymoons_or_gatewaystravel/hotelstravel/hotels/canadian_national_hotelstravel/hotels/canadian_pacific_hotelstravel/hotels/conrad_hotelstravel/hotels/fairmont_hotels_and_resortstravel/hotels/hilton_hotels_and_resortstravel/hotels/historic_hotels_of_americatravel/hotels/holiday_inntravel/hotels/oberoi_hotels_and_resortstravel/hotels/ritz-carltontravel/hotels/shangri-latravel/hotels/shangri-la_hotels_and_resortstravel/hotels/starwoodtravel/hotels/tsogo_suntravel/italytravel/japantravel/mexico_and_central_americatravel/national_parktravel/north_americatravel/south_americatravel/spastravel/theme_parkstravel/united_kingdom